t in s;curvature (1/m);torsion (m2);t_vector_x;t_vector_y;t_vector_z;n_vector_x;n_vector_y;n_vector_z;b_vector_x;b_vector_y;b_vector_z;tangent acc (m/s2)
0.0;;;;;;;;;;;;
0.025;0.0;;-0.12995679589210477;0.2124690472521713;-0.9684875503387808;;;;;9.695529897844677;;
0.05;0.0;;-0.12995679589210477;0.2124690472521713;-0.9684875503387808;;;;;9.695529897844677;;
0.075;0.12454114489142434;9.838481522197752e-14;-0.12909539681023782;0.21148204524187153;-0.9688187255945884;0.637573668196487;-0.7305829525566951;-0.24443479100982637;-0.04052048717945375;9.541504550336558;0.0655050830604833;1.6653345369377348e-16
0.1;0.05306708299237693;0.0;-0.12801186134179696;0.21024035180856415;-0.9692326644450339;0.6377921034403964;-0.7309412428489411;-0.24278824578533453;-0.04052048717945368;9.541602080820622;0.04929230446571209;-1.6653345369377348e-16
0.125;0.15265047505167678;-2.2998364665050297;-0.12544105603373434;0.20865340255073597;-0.9699114903253503;0.8636032898509536;-0.4582314591208937;-0.21026955944821568;-0.12271272674140704;9.73636539782524;0.22156001451375995;0.0
0.15;0.08788816718639512;0.0;-0.12213700224355625;0.20689921864155786;-0.9707086411526739;0.8640767636403643;-0.4590261712033155;-0.2065582743131303;-0.12271272674140708;9.737141608827944;0.18431844625963256;2.220446049250313e-16
0.175;0.17688335191083243;-5.260787586952348;-0.12217097839369362;0.20992135465228373;-0.9700552957946664;-0.32260728008992295;0.9159056964894544;0.23883320114914808;-0.044174937799308686;9.79427301889315;0.5065728292967111;-1.1102230246251565e-16
0.2;0.1837043479609912;-1.3841106859071295;-0.12526303386228085;0.2172943322628975;-0.9680353017912304;-0.4123725879226386;0.8760401702420086;0.25000493765591575;-0.020129223373570274;10.09572073001846;0.6920425864609228;-1.942890293094024e-16
0.225;0.12891748834914352;5.3026280198912685;-0.12753313632670477;0.22455185944464964;-0.9660806185606998;-0.14544945376613558;0.9592696765472716;0.24216965965212467;-0.08967772513478284;9.957710285402504;0.6191977648451026;-1.1102230246251565e-16
0.25;0.089558416783162;-1.3923849538597501;-0.12865280119555347;0.23046879195063322;-0.96453750195695;-0.22011440290119424;0.9417229073012948;0.2543769162079131;-0.07042578944675892;9.969242057687433;0.5334911388542811;-1.1102230246251565e-16
0.275;0.06689736922944117;0.0;-0.12974259183735223;0.23513521300035903;-0.9632643933368461;-0.21947381047254383;0.9405686204666107;0.2591561627864535;-0.07042578944675891;9.9717646738066;0.4840550487524924;-2.220446049250313e-16
0.3;0.02495318060268311;22.697481702825392;-0.12936450378672595;0.23677108522017867;-0.9629144709493533;0.8885653169150097;-0.4033432935241656;-0.21855403255215167;-0.1582082693525214;9.827397513711215;0.21530932980862083;0.0
0.325;0.03393728493438604;6.339132091596977;-0.1284191558497406;0.2350683568828483;-0.9634580364516339;0.11690305806595919;-0.9611405759671477;-0.25008492206521876;0.09594865164448935;9.657006561653256;0.34340103113698683;1.1102230246251565e-16
0.35;0.0772689247565867;-0.07302606541033035;-0.1278085954403308;0.23053804429254177;-0.9646331805745332;0.13427542827575487;-0.9596327530121002;-0.2471337465984364;0.0916937196697784;9.399174988193273;0.9033324644459284;1.1102230246251565e-16
0.375;0.09264708953538478;0.7497070016917885;-0.12720882906073855;0.2232225916779725;-0.9664313676477834;0.03924656371310507;-0.9724512020505418;-0.22977895218485433;0.11494365906506311;9.42198102814271;1.2372847309002237;-2.220446049250313e-16
0.4;0.07680817705725271;0.0;-0.12689273830743364;0.21548308510753356;-0.9682279034387413;0.040256824503830155;-0.9741954146050544;-0.22208710508121338;0.11494365906506311;9.43152143894011;1.1623266953886402;-2.220446049250313e-16
0.425;0.10288059910058887;0.3070742368903052;-0.12678670229633673;0.20662772999898443;-0.970170146580633;-0.00713622345848424;-0.9782278074741699;-0.20741126054057174;0.1255008194582179;8.893228063277583;1.7455929120307698;0.0
0.45;0.0886807525245973;0.27934121475731377;-0.12699979195942226;0.19672178682105576;-0.9721993578645248;-0.03558701217104309;-0.9804084194402871;-0.1937340849085056;0.13151240592609273;9.529927588678103;1.6776114432585274;0.0
0.475;0.09278065520363653;0.9257238803878213;-0.12803880989578711;0.18681072263483695;-0.9740163330607555;-0.15969681745450295;-0.9731676715266787;-0.1656550922557032;0.15443630836248956;9.360031178640943;1.9509014159791396;2.220446049250313e-16
0.5;0.07989966905143288;0.0;-0.12964826834358034;0.17695341766518277;-0.9756427699174132;-0.15839298235760751;-0.9750082312332645;-0.15579028264703698;0.15443630836248956;9.37929362056941;1.856084906233006;0.0
0.525;0.06927846722308438;0.0;-0.131096918828826;0.16799497634488111;-0.9770318755273397;-0.15719608207017943;-0.9765916500354129;-0.1468269078299172;0.15443630836248953;9.395938005957882;1.7699008413457011;4.440892098500626e-16
0.55;0.07514892397502644;5.248360254263649;-0.1363150322848762;0.16165610356081137;-0.9773870861407519;-0.901692897075628;-0.4288875163664125;0.054821689762456695;0.20422797598977363;7.698420989143943;2.0856208365635416;0.0
0.575;0.023136499508018812;-21.51307774271662;-0.13992515134126546;0.15818916195849703;-0.9774441882076912;0.4767646427596983;-0.8544241575186051;-0.20653046860654478;0.04413643026082516;8.866748407016694;0.6935940359222641;2.220446049250313e-16
0.6;0.031052297307845943;3.8860882224118383;-0.14141216300879225;0.15703696887044866;-0.9774159762154272;-0.9849461639146725;0.07683521016021264;0.15484639055982838;0.14380752681774545;9.439630915522311;1.0103307273934754;0.0
0.625;0.027495640417820447;0.0;-0.1455990245255428;0.15736226411360155;-0.976748709694695;-0.9843359536836317;0.0761667706117531;0.15900111112917395;0.14380752681774547;9.443841656092616;0.9701828562955888;0.0
0.65;0.02446087410966483;0.0;-0.14946345321948823;0.15766016257004917;-0.9761167703149514;-0.9837565866660106;0.07554821143328261;0.16283564087899152;0.14380752681774547;9.447578806367293;0.9330887939952723;0.0
0.675;0.0612595337060176;-1.5877665188035373;-0.15514752850726743;0.15465902873237045;-0.9757099103881474;-0.7752221467568511;-0.631262270390418;0.023207092864766278;0.2178338853601975;8.2280387286799;2.506946086245903;0.0
0.7;0.020009247052936684;4.1082929053698996;-0.16038632266236125;0.1508905122565656;-0.9754528593498489;-0.8980722836628802;-0.43236618840522284;0.08078151051124668;0.20485620992717102;7.596782327390169;0.870286315101188;0.0
0.725;0.010187644476552184;7.170791370720634;-0.1626744329017275;0.15042695694507474;-0.9751455068369776;-0.9413388399977811;0.2724929245062235;0.19906982294079018;0.09727510519128968;8.58713203201136;0.47070528444501214;0.0
0.75;0.009280250104327018;0.0;-0.16425396964788508;0.1508840459192207;-0.9748100523394073;-0.941064512274891;0.2722400925079846;0.2007060431777413;0.09727510519128975;8.587909882727693;0.45629359643544;0.0
0.775;0.008477428705269525;0.0;-0.16573923171701593;0.1513135878794047;-0.9744920241812731;-0.9408040656152162;0.2720015834600438;0.2022445270387026;0.09727510519128979;8.588619441369005;0.44273704536480274;-2.220446049250313e-16
0.8;0.33105005688233957;0.09586752473815174;-0.13998499394349156;0.16793490503600522;-0.9758084182569796;0.8511237817363563;0.5239937282796864;-0.03191991363330425;-0.21628465033944008;8.194419175174353;18.29004905355737;2.220446049250313e-15
0.825;0.013505527140971328;-112.64623826806414;-0.11509185636268128;0.18458066381667573;-0.9760552459487052;-0.7465584838698968;0.632112083182502;0.2075686499849112;0.06504930744792077;10.229722887500087;0.7938322524040693;-5.551115123125783e-16
0.85;0.03252758599316318;-1.3075139067467698;-0.1192657966767414;0.18527633327237097;-0.9754221394207779;-0.9927932826409255;-0.03384328826702859;0.11496142736731459;0.18797744584247908;7.548240845651717;2.0243419019609923;0.0
0.875;0.03029895038555454;0.0;-0.12548347816549626;0.18506066289075948;-0.9746827421053078;-0.9920265767716971;-0.03500341243382629;0.12107036010773138;0.18797744584247908;7.560775554317149;1.9770111323005253;-2.220446049250313e-16
0.9;0.02826624236971977;0.0;-0.1314122432892405;0.18484808125773375;-0.9739414813883963;-0.9912586214644348;-0.036109205016368676;0.12689551089583154;0.18797744584247908;7.572460338343741;1.9317723531024562;-2.220446049250313e-16
0.925;0.043583242201926706;-1.4122883316087365;-0.1382640732000318;0.18239942467952266;-0.9734544138986249;-0.861655816860124;-0.5067510974828462;0.027433163708243842;0.22723099610361547;5.367420516490121;3.096223021547529;-4.440892098500626e-16
0.95;0.055207960754386956;-0.5914291620547578;-0.13661622010402402;0.18223263816007962;-0.9737182723938718;0.9316447448072629;0.35773221291204804;-0.06376310310876655;-0.2186481024116936;6.943184982904968;4.066519678196938;-2.220446049250313e-16
0.975;0.012075847591239634;6.2849581334942535;-0.12983099659589098;0.18439288377289814;-0.974239794268758;0.9912102562829712;0.04932540059652231;-0.12275680305155817;-0.18917608349822854;6.20646325475975;0.9239122616985866;-2.220446049250313e-16
1.0;0.011455236613619616;0.0;-0.1272587303935051;0.1845202445217973;-0.9745550240495656;0.9915437838927078;0.048846802266976415;-0.12022859282226474;-0.1891760834982286;6.208839578782978;0.9078056427110506;2.220446049250313e-16
1.025;0.010876225450133977;0.0;-0.12477381513776135;0.1846420609145125;-0.9748532219761132;0.9918595439343231;0.04838429570981051;-0.11778626844866952;-0.18917608349822854;6.211094780195974;0.8922452753712543;-4.440892098500626e-16
1.05;0.025522302429768273;-0.27987782738795314;-0.1206337121362508;0.18531764336997888;-0.9752460605160245;0.9753427217656927;0.20502140065044192;-0.08168721059028444;-0.20548070730351553;11.115851902036235;2.195070953750098;-4.440892098500626e-16
1.075;0.01565316596739634;-6.411519073433156;-0.11795505102035746;0.1877466577193308;-0.975109121305921;-0.08778444210587784;0.9761483303435821;0.19856567903743336;-0.0986603905039793;7.087003765657186;1.413144587634567;-1.1102230246251565e-16
1.1;0.012565618828965114;4.750812036805104;-0.11658594510750282;0.18941843015867935;-0.9749504478277917;0.9876454239577762;-0.0813827770275358;-0.1339154962599583;-0.17759015778425685;11.016727011300528;1.189086186313394;-2.220446049250313e-16
1.125;0.011555874378841568;0.0;-0.11365039959966972;0.18917574486414496;-0.9753441055473351;0.9879875266075886;-0.08194532101095203;-0.13101760046738536;-0.17759015778425688;11.020212026701564;1.1563420283558714;0.0
1.15;0.010651223463086468;0.0;-0.11087129321026466;0.18894453028494904;-0.9757087274475327;0.9883032542712934;-0.08247704259908956;-0.12827398427147738;-0.17759015778425694;11.023420586698284;1.125343755817073;2.220446049250313e-16
1.175;0.021254987006779302;-0.5968204794614568;-0.1068052227586348;0.189531456914027;-0.9760483959474165;0.9672727554877958;0.24705111590112058;-0.0578719502268411;-0.20971496404743584;8.487078229339637;2.3534874397517362;-2.220446049250313e-16
1.2;0.033738062278742306;0.15307592932902667;-0.09963252263190536;0.1910398942244881;-0.9765127337872759;0.9815632086827891;0.1797526491639955;-0.06498193963612525;-0.2054269414473859;9.264502647323626;3.8948543872311223;2.220446049250313e-16
1.225;0.04039377552015588;0.43972865990807164;-0.08965851526781687;0.1920082104604555;-0.9772892088607875;0.9959034879296619;0.028840106394225778;-0.08570000579173462;-0.19380740762817236;8.956656915027889;4.862961742239301;-2.220446049250313e-16
1.25;0.03801163398114321;0.0;-0.07883974676249612;0.19231003649543427;-0.978162125720246;0.9968182888374997;0.026753588248711272;-0.07508358379098051;-0.1938074076281724;9.00893078381568;4.765424024409394;-4.440892098500626e-16
1.275;0.03580125305672534;0.0;-0.06843883589875863;0.1925786111522789;-0.9788920289120154;0.9975863533405609;0.02474637645628553;-0.06487745741754423;-0.1938074076281724;9.058143224835435;4.671203412223437;-6.661338147750939e-16
1.3;0.021603891980851928;3.632232983388706;-0.06572030821479366;0.1906050678117975;-0.9794644195746023;-0.7410620014582032;-0.6666527569123925;-0.08000757274076212;0.18506279769721157;4.540960816176759;2.9033557938956247;0.0
1.325;0.006414951139441375;11.237767413753058;-0.06870134627245934;0.1891638344238109;-0.9795392635144509;-0.7144500497743721;0.6759641167222773;0.18064783220749875;0.08870846606890848;3.6838889902513356;0.8774747332573144;0.0
1.35;0.03606824668070393;0.5326480833419974;-0.06438028364399964;0.19187663328557755;-0.979305129506075;0.9229962183375526;0.3845295561413563;0.014662925639460974;-0.20185752880381125;9.889107183944654;5.077662760016089;2.220446049250313e-16
1.375;0.033898831926219314;0.0;-0.05470390220587425;0.19589590182495925;-0.9790976860005522;0.923620226646729;0.38249760469245087;0.024925074394722437;-0.20185752880381122;9.941777180557608;4.973747731051906;-4.440892098500626e-16
1.4;0.06054188742056594;-0.023424563427215994;-0.04139201276790378;0.20151962273024981;-0.9786094946063416;0.9191283054922285;0.3917353805085469;0.041791742016920465;-0.20143710523513708;6.2678032960140255;9.182000971600674;-4.440892098500626e-16
1.425;0.00531566976347896;-31.619268203961525;-0.03284589081942042;0.2059607074786144;-0.9780088621434814;0.03900627869154032;0.9780555092171944;0.20466052651288819;-0.04015886522649826;10.123166047589882;0.8333121701519992;0.0
1.45;0.006172071674884802;2.283911142181284;-0.0319199379912135;0.20719030718229084;-0.9777797779502013;0.9017969190002847;0.42780307549333146;0.06121148160305263;-0.20049902830591;7.968445562799932;1.0028336415847177;-2.220446049250313e-16
1.475;0.00589147449462682;0.0;-0.030173480919248867;0.20801839133577463;-0.977659403839237;0.9018570433328026;0.42740103375860206;0.06310491053074747;-0.20049902830591002;7.970372683058201;0.987400269981536;0.0
1.5;0.005627571147894911;0.0;-0.028479862225535068;0.2088206258673616;-0.9775391775575943;0.9019121149022136;0.42700964977879424;0.06494071133278387;-0.20049902830591002;7.97221283387772;0.9724312476239116;-4.440892098500626e-16
1.525;0.012753791715739128;0.23408261071971176;-0.025597801602052626;0.20976472454946746;-0.9774167549657761;0.9653208198818329;0.2592944082860386;0.030366503490838328;-0.20912762270420643;4.172710235938736;2.255014254254749;-3.3306690738754696e-16
1.55;0.02612045037733075;0.5438475320207468;-0.0191684973985858;0.20975759798665564;-0.9775655061397925;0.9910052387766165;-0.1255333980326911;-0.046367905879682945;-0.20546459186434993;8.838883349620138;4.7319912438431055;-2.220446049250313e-16
1.575;0.04999121112870209;-1.2669294987676833;-0.018087486964212408;0.21704072689365064;-0.9759949619156829;-0.3740462273838023;0.90380266620666;0.2079186387452494;0.0648357461399748;11.315675614805901;9.398110734636354;-4.440892098500626e-16
1.6;0.04700046581775474;0.0;-0.024364103208635662;0.2321824014350802;-0.9723670721176639;-0.3736898819603959;0.9000318155691114;0.22427350062768123;0.06483574613997481;11.471848445199818;9.20682862066882;-1.1102230246251565e-16
1.625;0.0442084295522731;0.0;-0.030382260946060512;0.2466546052092757;-0.9686270819819471;-0.3732487851615074;0.8961737790751568;0.23991227995584327;0.06483574613997478;11.618710112976814;9.020785736875158;1.1102230246251565e-16
1.65;0.020663393142176335;-5.43002316995894;-0.036269057331023175;0.25137763311124356;-0.9672093057098385;-0.7876323373577649;-0.6028823920993732;-0.12715393208580617;0.21985912876978803;6.902667317791291;4.354375259425396;-6.661338147750939e-16
1.675;0.020260405257015102;-1.3952981043322306;-0.03549092886803102;0.2495937224852439;-0.9677000401281605;0.992301167060297;0.12376755896810716;-0.004470480717833217;-0.25206476774453834;7.006771998292453;4.372338752194846;2.220446049250313e-16
1.7;0.027876738369366574;-1.2592303607150157;-0.02834384099372932;0.25375895102617296;-0.966852119743148;0.674442844740508;0.7187552357030185;0.1688720235202663;-0.19151819292263614;0.7440279394048817;6.095532989442755;-1.1102230246251565e-15
1.725;0.027767391994535123;0.0;-0.021401004448030825;0.26114290753094127;-0.9650628885491875;0.6746988373730622;0.7161054921746458;0.17881387788632716;-0.19151819292263608;0.8067234837737074;6.087552646238717;6.800116025829084e-16
1.75;0.027649864114186486;0.0;-0.014474796234613514;0.26847922870339797;-0.96317671484977;0.6748829560878783;0.7133874107602642;0.18870982420333335;-0.1915181929226361;0.869163376971531;6.078951803076864;-2.1510571102112408e-16
1.775;0.05512333554562803;0.6523804809431645;-0.0011807040267271336;0.27522964503874825;-0.961377786528192;0.9507682144499046;0.2982409758192594;0.08421474178619928;-0.2620317324982565;7.181803988947122;12.283203631966021;-4.440892098500626e-16
1.8;0.00681072761669683;-19.721522103417605;0.008490947622710349;0.2795177132054233;-0.9601029902114039;-0.03733765461322609;0.9595566785968672;0.2790284575238373;0.01858408133293079;12.787993934567709;1.5689841074591904;0.0
1.825;0.015694641439399522;-1.063576571585543;0.005449984190805908;0.28020045020219475;-0.9599260416192528;-0.9821618587855074;-0.17893168280649194;-0.05780602075073028;0.2742270201605939;7.848350068745942;3.739478733515619;4.440892098500626e-16
1.85;0.015110233831907382;0.0;-0.00042380165025801114;0.2791253623689333;-0.9602545769089429;-0.9821768881280217;-0.18060418458022315;-0.052064276997460635;0.2742270201605939;7.870573175459212;3.692475848227297;4.440892098500626e-16
1.875;0.01455298072976113;0.0;-0.0061515490032775545;0.27806738774378725;-0.9605418711946953;-0.9821577152502257;-0.18222888705916487;-0.04646348131204425;0.27422702016059386;7.89197272788878;3.64651428932614;4.440892098500626e-16
1.9;0.006825245747040904;-1.6492513584236592;-0.007615995232352202;0.2773792572871511;-0.9607303181660549;0.9915812338636307;-0.12209822791761336;-0.0431124041182816;-0.2741141666672716;-0.6084760918334512;1.7299297227538142;-5.551115123125783e-17
1.925;0.011801053178400068;1.1881541497089503;-0.007825268506217117;0.275474392513681;-0.9612765597069473;-0.652891064073067;-0.7295339063042338;-0.203748712894153;0.18556356795435897;9.998735430882267;3.0353566154934173;0.0
1.95;0.008951072891365807;1.7793675687517554;-0.01112747337574533;0.27331135538864076;-0.9618612594090149;-0.9674586000525174;-0.24611645258337705;-0.05874137342791199;0.2671560755362049;7.361845643039359;2.3650430710797616;-6.661338147750939e-16
1.975;0.008653615147772489;0.0;-0.014607062650131772;0.27242437978462714;-0.9620663132132298;-0.9674123201613881;-0.24709788043518874;-0.055281464202725755;0.26715607553620485;7.370304382972348;2.33854940130385;-2.220446049250313e-16
2.0;0.008368878634640226;0.0;-0.01800933220019025;0.2715536591839117;-0.9622547864975945;-0.967354964546628;-0.24805446055338257;-0.05189756416791145;0.2671560755362049;7.3784834084600766;2.312613800676492;-2.220446049250313e-16
2.025;0.027997431852250572;0.30230121830161966;-0.015180651618185865;0.2748766375850096;-0.9613596527452183;0.7575894430830435;0.6306464761002144;0.16835456011497138;-0.21781726323248093;10.545280528972778;7.946367633407583;1.7763568394002505e-15
2.05;0.0057299450380655865;-10.457249249797195;-0.011818112554568156;0.27912766956522117;-0.9601812726244645;-0.8744380812446472;0.46286144205906105;0.1453180220213119;0.23860971517747817;3.979936143610051;1.661598114101709;0.0
2.075;0.010743107083302072;-0.48301501790093204;-0.015187645107334587;0.279901164192889;-0.9599086798855185;-0.9949915365335558;0.0906288596678718;0.04216932560398566;0.2771228504806956;7.191866163518515;3.1666324519965134;0.0
2.1;0.010412210160553183;0.0;-0.01972788769513681;0.2803118125973698;-0.9597062561875197;-0.9949118718682578;0.08935065550744695;0.046549195223858225;0.27712285048069574;7.206241437249605;3.133781158292128;-2.220446049250313e-16
2.125;0.010094152817610546;0.0;-0.024174406725838992;0.28070836175690944;-0.9594886209326328;-0.9948137616643461;0.08809692140469759;0.05083809636727359;0.2771228504806957;7.22017576168105;3.1015418698501303;4.440892098500626e-16
2.15;0.01544031593282625;1.0260495951314088;-0.023743469082675824;0.2831537956554648;-0.9587805670130279;0.7473856582493179;0.6419843869679426;0.1710868923460489;-0.22686802239528633;21.60596439650522;4.941224797249025;0.0
2.175;0.01129155238348843;-1.0567905296915079;-0.02366465208028324;0.2844871614387714;-0.9583877290629454;-0.9428189063070207;-0.32515910574472184;-0.07323978332386005;0.2759146515142762;14.004780371752881;3.7956194143993485;-1.3322676295501878e-15
2.2;0.034701080300564305;0.10425401534556367;-0.01891047142264616;0.2874163819237123;-0.9576190356673451;0.8794644149931327;0.4603775989024285;0.12080897810023054;-0.26147843761565126;11.58991023633949;12.074588221284948;4.440892098500626e-16
2.225;0.03312039239983324;0.0;-0.0048955340720573115;0.29471510979073495;-0.9555726229895791;0.879654077984516;0.45573974396613426;0.13605141989297145;-0.26147843761565126;11.78082385730978;11.888393047129655;1.3322676295501878e-15
2.25;0.03161127557331629;0.0;0.00869162808881112;0.30171902080793356;-0.9533572720045027;0.8796247602073314;0.4511333978458969;0.15079435857554638;-0.2614784376156512;11.963039129229573;11.705015796338005;8.881784197001252e-16
2.275;0.013909156257350855;-0.3884378834309371;0.01819761023683572;0.30690196261225594;-0.9515671454639519;0.8345741517418083;0.5194391090433197;0.18349113668164801;-0.24667989466688012;15.278813829998851;5.334411677798771;4.440892098500626e-16
2.3;0.006127429013030082;-0.9437512034408638;0.019596991626047316;0.3081394838628686;-0.9511393254428783;-0.9323645288990694;-0.3378494576143742;-0.1286628510506807;0.2806774917152724;1.4310817129667806;2.4003968694388984;-2.7755575615628914e-16
2.325;0.01071781483175694;-0.9579692296446741;0.01762662981408673;0.305152366534866;-0.9521403967480678;-0.2096646617798638;-0.9299874187686125;-0.3019339837329156;0.04758712375846531;2.5373617403717095;4.219715084990673;1.6653345369377348e-16
2.35;0.010615228861668578;0.0;0.016515245207386366;0.30021952780225947;-0.953727152702453;-0.20975513141186186;-0.9315915419302196;-0.2968837884601789;0.04758712375846531;2.55968887492073;4.206208846884216;5.551115123125783e-17
2.375;0.010513070575152057;0.0;0.015410523744220927;0.29530995114890596;-0.955277210295713;-0.2098391866067831;-0.9331594711635128;-0.2918577001588907;0.04758712375846533;2.5818017199269816;4.19267216450107;1.1102230246251565e-16
2.4;0.0009087482828732264;-20.765741922018503;0.015043405835266366;0.29273233360751744;-0.9560760831657555;0.8003985789794805;-0.5766119084734408;-0.16395371839102846;-0.2429767507894176;3.828254645001795;0.3653304983466129;-2.220446049250313e-16
2.425;0.007815094192096403;0.22415994134693587;0.013859963254494467;0.29122614137198344;-0.9565538332996056;-0.6870427742385212;-0.6922816141337734;-0.22072243451668794;0.19048981836533108;9.758721431088132;3.195223940574623;4.440892098500626e-16
2.45;0.004367315349875087;-3.3787839471565526;0.01339165838647531;0.289193870436254;-0.9571768743486018;0.7831726103283124;-0.5981790417166898;-0.16977189544338622;-0.2344993277811279;10.21684016485559;1.8299664056461744;0.0
2.475;0.004207796133647589;0.0;0.015120405694836244;0.2878727418486404;-0.957549297859995;0.7831411414390297;-0.5988159526495134;-0.16765860382941747;-0.2344993277811279;10.220854752186712;1.807409232770004;0.0
2.5;0.004055894876331101;0.0;0.01680697404319546;0.2865824407748302;-0.9579081533545125;0.7831067613718542;-0.5994345379493403;-0.16559599936938948;-0.23449932778112792;10.224723556436032;1.785393008405178;0.0
2.525;0.003911165545364678;0.0;0.01845286584908337;0.28532191998994433;-0.9582540861980227;0.7830697068746554;-0.6000355511303059;-0.1635823081967962;-0.23449932778112792;10.228453500302406;1.7638988043965136;0.0
2.55;0.005626632834202371;1.2433224024055023;0.018140828870606616;0.28372698812869757;-0.9587334908801847;-0.7381205729605086;-0.6430061961608964;-0.2042573168117744;0.19776006167461915;8.52184875294186;2.5938762175522596;2.220446049250313e-16
2.575;0.015990569286149784;0.23563217579038837;0.012876131699190668;0.28132431501461924;-0.9595263597286008;-0.9394340425464626;-0.3252770130215081;-0.10797474012294227;0.26009732886241393;22.0166002573396;7.635968380533914;0.0
2.6;0.014839058349975374;0.0;0.004870852343810793;0.2785424531043258;-0.9604115662652493;-0.9395096539472964;-0.32766233722731014;-0.0997948039858189;0.260097328862414;22.080866207890413;7.448090192072275;0.0
2.625;0.013792717622679635;0.0;-0.002749771457507461;0.27587558592991424;-0.9611894193366664;-0.9395182562460694;-0.3299108463001263;-0.09200151995417959;0.26009732886241393;22.140552103582035;7.268744908756192;0.0
2.65;0.005978240444166194;0.20390564335788183;-0.008089789104782768;0.2740912942042051;-0.961669651051599;-0.9564555742070981;-0.2827216185432215;-0.07253427449469041;0.26444330445262715;2.9377992318623525;3.2371956495196534;0.0
2.675;0.007521300853315308;0.22765158118265139;-0.011952672279104466;0.2733287857957285;-0.9618464058678086;-0.9922129940023576;-0.12250672406619194;-0.022482817693678013;0.2726646556261587;12.025781974116967;4.138486185914292;-4.440892098500626e-16
2.7;0.008200009846143006;-0.5250759265377529;-0.01629828904350609;0.27195370327192303;-0.9621723073602466;-0.8852741203649959;-0.4512459599437913;-0.11254694774354895;0.24810811252893306;12.834138406084577;4.632266332311299;-4.440892098500626e-16
2.725;0.007876417395003804;0.0;-0.020554017943651186;0.26978121506953184;-0.9627022532133075;-0.885185536913101;-0.45254815112263347;-0.10792004519713286;0.24810811252893308;12.856259517289748;4.570513234210878;0.0
2.75;0.007569125463574713;0.0;-0.024697224222048144;0.26765994403617;-0.9631968653781428;-0.8850796289201828;-0.4538060019958543;-0.10341258638603935;0.24810811252893306;12.877512615464362;4.510284784640118;0.0
2.775;0.007555752990115195;1.2235152732715995;-0.0262717441736373;0.26883891495996104;-0.9628267929701718;0.1944383358182813;0.9461385182917783;0.2588737873343986;-0.07712930033339313;10.920044025743799;4.612714870422538;-3.3306690738754696e-16
2.8;0.007216652248624472;-1.4407847410741146;-0.027982156152137127;0.2703806514897288;-0.9623467681854952;-0.9557838064958175;-0.2891711814399116;-0.05345412112280549;0.2665170814374216;9.06088360264745;4.495218386160409;-4.440892098500626e-16
2.825;0.0037161255280405772;0.3209497082229875;-0.03127765229598939;0.26950794588651306;-0.9624900911546485;-0.9814140643463343;-0.19069353763919247;-0.02150369749274365;0.27046333471148554;9.16301505520206;2.3572134180299367;-4.440892098500626e-16
2.85;0.0036165138332455143;0.0;-0.03355320796301918;0.269065053477707;-0.9625373651097546;-0.9813389014327975;-0.19131794267751362;-0.019271879625867273;0.2704633347114855;9.16845617725234;2.3359604717981384;-4.440892098500626e-16
2.875;0.0035203754502710926;0.0;-0.03578790958108193;0.2686286702551642;-0.9625787568011038;-0.9812599465777433;-0.1919301844688842;-0.017079857493094746;0.2704633347114854;9.173752051652036;2.3150752244387367;4.440892098500626e-16
2.9;0.004914451907594564;-0.5306192334522689;-0.038107771418756674;0.26740659936607397;-0.9628299477960622;-0.7625454771093255;-0.6304925755735464;-0.14492586893562892;0.22793635984696503;9.215736811903593;3.2900448346071185;0.0
2.925;0.004425948859371938;-0.03781765661856727;-0.04039748288915123;0.26547054228330286;-0.9632722536002113;-0.7475822985501837;-0.6476654940907852;-0.14713977932076455;0.22462513391294145;7.876063603354477;3.0121457660470012;-2.220446049250313e-16
2.95;0.003423600863172188;0.1660196087866049;-0.04237630038409039;0.2638799111621078;-0.9636242222209005;-0.8016137780760336;-0.5846599707076949;-0.12485219041228252;0.23630549908628812;6.522323123842118;2.3622449212971954;2.220446049250313e-16
2.975;0.003360602434984639;0.0;-0.044167297533758004;0.262572904922822;-0.9639007829797397;-0.8015170926837054;-0.5852481170095597;-0.1226987843160033;0.23630549908628812;6.527584975328701;2.347665732139692;-2.220446049250313e-16
3.0;0.0020140257590931317;2.453529026257276;-0.045497337673675635;0.26240881694489077;-0.9638836055531759;-0.6576492002235805;0.7184269960313403;0.22662784652083132;0.13988643296310105;9.465562028957452;1.428333110992994;4.440892098500626e-16
3.025;0.005841289127569215;0.48129125806415046;-0.04486236165228836;0.26449926460792816;-0.9633418435471619;0.5437869242539168;0.8153966693775345;0.19855491073878884;-0.18041186184025448;11.999051938022033;4.226482294846356;-2.220446049250313e-16
3.05;0.002763293053315536;-2.966256847078697;-0.04468793295623302;0.2663637218963885;-0.9628361004374538;-0.9486139404157817;0.290911638264338;0.12450707116948283;0.2396761000250019;1.767833756756946;2.025058964196012;5.551115123125783e-17
3.075;0.00950823914311749;-0.17197920143664264;-0.04884842592298766;0.26624329653088086;-0.9626673040761361;-0.9927025640248575;-0.11933116788187893;0.017369276047682517;0.2701295428352174;26.07771225667035;7.148309132816303;8.881784197001252e-16
3.1;0.00886048573933565;0.0;-0.05516713913639313;0.26547822004783356;-0.9625372208074553;-0.9923714708193629;-0.12102369708415707;0.023497417898494948;0.27012954283521745;26.12269109043315;6.982149396411147;0.0
3.125;0.008269321216464896;0.0;-0.06119645952223025;0.2647378943293686;-0.9623766625640899;-0.9920179144948058;-0.12263469281461838;0.02934602936753659;0.2701295428352175;26.16463717351789;6.823280851479434;-1.7763568394002505e-15
3.15;0.003006206739233282;-0.18283393020481442;-0.06301798431833133;0.26445898634878306;-0.9623357928456306;0.9961848790582708;0.07499519978273399;-0.044625180618191304;-0.2681760896555938;3.248818001024354;2.544441313180582;1.1102230246251565e-16
3.175;0.0028484117565375647;0.5905395062004484;-0.0628535867483362;0.2640508080933288;-0.9624586211251523;-0.881054493420705;-0.467690171076824;-0.07077346608239839;0.26203915570111697;11.748211420082365;2.4420541413011962;4.440892098500626e-16
3.2;0.0008477617731187776;4.447156347962353;-0.06387687083093445;0.26384589102869854;-0.9624474485186817;-0.350020791680612;0.8972281191061924;0.26919722821091924;0.035039422989513035;2.387690358356936;0.7356186189931087;0.0
3.225;0.0008426283457600643;0.0;-0.06409493945162544;0.264404859244283;-0.9622795379434727;-0.3499809251553101;0.8970635553491039;0.2697968303962421;0.03503942298951304;2.3881482232815845;0.7341308218819128;-1.3877787807814457e-17
3.25;0.0008375353111337192;0.0;-0.06431210294561886;0.26496146875006055;-0.9621119339726136;-0.3499410845422218;0.8968993098477523;0.2703939077420924;0.03503942298951304;2.3886033182377706;0.7326487481075175;-1.3877787807814457e-17
3.275;0.0024392565268773637;-0.19877585506439058;-0.0645033385794456;0.2643640122857651;-0.962263471363367;-0.09119587380362652;-0.9617982098739334;-0.2581230638367881;0.086148102679236;9.201027947429921;2.154735415454425;1.1102230246251565e-16
3.3;0.004007673240911061;0.5895076798865184;-0.06578317269928718;0.26259834341134347;-0.9626602122385831;-0.7954485107568472;-0.5962665639442438;-0.10829520514242096;0.24810776754452307;8.539742712346897;3.5932289666702375;0.0
3.325;0.004176121657637491;-0.18729060830127922;-0.06807250313348846;0.2605938058178339;-0.9630456908612998;-0.6958962495209698;-0.7040971919334977;-0.14133490090565615;0.22927591042119996;9.618186083792219;3.801236174923326;4.440892098500626e-16
3.35;0.004077781813061544;0.0;-0.0702467927933504;0.2583922841058148;-0.9634826493595139;-0.6956801304352876;-0.704908089635691;-0.13832476742688526;0.2292759104212;9.630017691643305;3.771161526457992;-4.440892098500626e-16
3.375;0.003982391582235199;0.0;-0.0723862570995332;0.2562228815383978;-0.9639035557353653;-0.6954607721240148;-0.7056995269202182;-0.13536060040221984;0.2292759104212;9.641571604773514;3.7415233515274404;4.440892098500626e-16
3.4;0.005508594769683719;-0.5053272949844997;-0.07136400949587651;0.2556323332267928;-0.9641365506802957;0.9741245159343709;0.2256788861873563;-0.01226653108510821;-0.26512307303861665;9.091598109686485;5.254782946225763;4.440892098500626e-16
3.425;0.003137422745916153;2.0789147861367674;-0.06945686792475324;0.254930705750167;-0.9644615486186088;-0.12797084603134362;-0.9610855668843366;-0.24482237580057054;0.09937769137768834;11.669633360220518;3.043379246500242;2.220446049250313e-16
3.45;0.004781951132780309;-0.6779300679568924;-0.06794407171657267;0.25461784735046966;-0.9646519346008623;0.8884009905706568;0.45543557226450115;0.05763783019148256;-0.2571468949873431;5.101291096105152;4.701258252085105;0.0
3.475;0.00472397368641113;0.0;-0.06462700069503491;0.2563163148533921;-0.9644300376497721;0.8886484500124416;0.45448185377774714;0.06123868774906624;-0.2571468949873431;5.118806385505126;4.682181242509944;-2.220446049250313e-16
3.5;0.0046667369442583385;0.0;-0.06133589674625042;0.25799750159966167;-0.9641966588506029;0.8888816708081476;0.4535295997414207;0.06480954759680448;-0.25714689498734306;5.136109384620001;4.663194225980551;-2.220446049250313e-16
3.525;0.004610233778868793;0.0;-0.0580705902827776;0.2596615909477166;-0.9639521070731214;0.8891009635989383;0.45257890677735013;0.06835063765363032;-0.2571468949873431;5.153202809967121;4.6442976648086365;2.220446049250313e-16
3.55;0.0061169966658674736;-0.26634764717800335;-0.05466033815214793;0.262187952522716;-0.9634675526373676;0.7169820706857507;0.6818697694217593;0.14488039157833008;-0.2252552932809147;31.790324917586243;6.342794465714244;0.0
3.575;0.002002221783425911;-2.15162140547786;-0.05278464360470178;0.2646246114144217;-0.9629058087026431;0.1613200391635647;0.9538445554507394;0.25329115460522295;-0.09303759759077007;1.2040897380102131;2.1296638004197974;4.85722573273506e-17
3.6;0.0019966799118407213;0.0;-0.05252146258384094;0.2661799670888397;-0.9624914135142393;0.1614059156420967;0.9534116875987189;0.2548613041359938;-0.09303759759077009;1.207561589514126;2.1276971136724607;1.1102230246251565e-16
3.625;0.0019911426274790297;0.0;-0.05225862856613223;0.26773174252881565;-0.9620752308332601;0.16149120526083288;0.9529770904758081;0.2564278761204931;-0.09303759759077007;1.2110238220608212;2.1257284168964765;4.85722573273506e-17
3.65;0.0042609805082550484;-0.5644048860874745;-0.053797223029377186;0.2689631983319632;-0.9616468461641042;-0.956829640798532;0.2615847382532933;0.1266904226936988;0.243279427943103;3.0345710689943286;4.563768007603215;-3.3306690738754696e-16
3.675;0.01358626344597221;0.3779564689886722;-0.05289813206774834;0.27416868797379373;-0.9602256600187643;0.463950063519294;0.858239102177706;0.21949027781122402;-0.17259982557314518;-8.027591717037096;14.495860485826894;-2.220446049250313e-16
3.7;0.006178333575549064;-1.3085325610535257;-0.05034414877713876;0.2813363086418829;-0.9582877167759505;-0.01130959713997082;0.9592823225884122;0.28222246292935815;-0.04511245165608405;-9.208103752311844;6.505461189390074;-5.551115123125783e-17
3.725;0.006311472350866558;0.0;-0.05040059584182262;0.2861749789146605;-0.9568509086487731;-0.01105532642450557;0.9578499749094598;0.28705610135232207;-0.045112451656084046;-9.175148245535722;6.551858871529724;-5.551115123125783e-17
3.75;0.0064479605987182295;0.0;-0.05045654039312498;0.291075587663986;-0.9553685884503542;-0.010797121612729329;0.9563721531166227;0.2919515831571313;-0.04511245165608406;-9.141481308660547;6.598751357901728;1.1102230246251565e-16
3.775;0.006587883477097426;0.0;-0.05051193852437292;0.2960389210454925;-0.9538393477377259;-0.01053491196323397;0.9548474486623924;0.29690969235248427;-0.04511245165608405;-9.107085041092617;6.6461418924295526;5.551115123125783e-17
3.8;0.0025540230284077613;-3.158846132993336;-0.05150941857848238;0.29879491577524936;-0.9529262186048657;-0.9600872531753444;0.24785657810692144;0.129613205266092;0.2741022417202778;-0.11381251120370944;2.557957527460827;5.551115123125783e-17
3.825;0.0025546963797633162;0.0;-0.05344951984258362;0.2992951902618333;-0.9526623420261401;-0.9599811991599981;0.24725224789704908;0.1315386755642162;0.2741022417202778;-0.10864299272007177;2.55818230392848;5.551115123125783e-17
3.85;0.0032185153521177385;-0.31248260182216464;-0.055694810841825836;0.29947541736863914;-0.9524770666200697;-0.9976610867846594;-0.054554989506161375;0.04118384435230667;0.3018134001783094;5.063903287776912;3.23553449866358;2.220446049250313e-16
3.875;0.0017351853548740854;0.06466171513170882;-0.05765292963681687;0.2993860969785758;-0.95238863109564;-0.9982667770394155;-0.028577518350254977;0.05144674240686997;0.30051477177585484;0.3676298953607468;1.751841391232964;1.3877787807814457e-17
3.9;0.0027120699160294776;0.34481763978701957;-0.05932970356480796;0.29979821562169795;-0.9521559831167149;-0.9014893270462675;0.3935546096089866;0.18008820749062335;0.2469154133258114;23.023766133165076;2.788726061362258;-8.881784197001252e-16
3.925;0.0029685392620100387;0.13546086147867484;-0.0613113044922947;0.30081873022735045;-0.9517084718998027;-0.8416921604883362;0.4969028311166369;0.21128625937516124;0.22273100617874111;-0.24540761487665297;3.1068915498550242;3.0531133177191805e-16
3.95;0.002970203097584613;0.0;-0.06333232568449329;0.3020111008004307;-0.9511983555056774;-0.8415425037450356;0.496179027187402;0.21357103588712634;0.22273100617874117;-0.2379461714437373;3.1074719016421164;-8.326672684688674e-17
3.975;0.002971816736960095;0.0;-0.06535372497907402;0.30320216752622986;-0.9506825633400223;-0.8413879365176503;0.4954520941874406;0.21585542070527197;0.22273100617874117;-0.23048061016346955;3.1080345378291203;-8.326672684688674e-17
4.0;0.0006003241594356302;-2.196035525735102;-0.06660178970751192;0.3038385320808359;-0.9503927335742415;-0.9776943029862508;0.17028258907615973;0.12295401484192744;0.2857200766546374;-0.055578495755793905;0.627702979767918;6.938893903907228e-18
4.025;0.002177080104441703;0.15989115769898843;-0.06751763928486737;0.30440241041245664;-0.950147641643384;-0.7683879521101105;0.5915907003408235;0.2441319281091367;0.19395633724431513;4.6600275633220765;2.2844787390296504;2.220446049250313e-16
4.05;0.002905538146497777;-0.563207668444862;-0.06938679386229751;0.3049141590087876;-0.9498488450661374;-0.9974858997281959;-0.007462169879001344;0.0704712413976684;0.3046653502819064;19.064938447765435;3.104951204594921;1.7763568394002505e-15
4.075;0.0027820437719262977;0.0;-0.07172113626955182;0.3048958593310806;-0.949681311585611;-0.9973207738392206;-0.008175775565728382;0.07269409028687976;0.30466535028190633;19.072153112104957;3.0603228046115083;0.0
4.1;0.0026654079743713417;0.0;-0.07398893689491852;0.3048764785972845;-0.9495135438819603;-0.9971550955273794;-0.008869111649921714;0.0748535525030311;0.3046653502819063;19.079063212202087;3.0169433114987436;0.0
4.125;0.00021436617867030735;6.767318120151352;-0.07517800589137481;0.3049064095853475;-0.9494105270239892;-0.8727619040051858;0.4404053740616514;0.210546349801795;0.23300190076729294;0.20204250476788377;0.2461276625394222;1.3877787807814457e-17
4.15;0.0007880716695263026;0.2998294022451351;-0.07500266548299236;0.3051569271598859;-0.9493439050084971;0.7627851612064228;0.630758422548591;0.14248722829539676;-0.28007773884390214;-0.26447568208780936;0.9047942382576205;2.7755575615628914e-17
4.175;0.00046328173944853497;-1.5999446808925533;-0.07476227668739122;0.3055554394726169;-0.9492346787771788;-0.07183050567898161;0.9477758228133609;0.31074325116462065;-0.04890967657251083;14.598114659295236;0.5375392023559966;0.0
4.2;0.00044870422053278286;0.0;-0.07479030907072544;0.30592536783291663;-0.9491133119840856;-0.0718013177503422;0.9476564811244325;0.3111137485746529;-0.04890967657251083;14.598323368441646;0.5318409822593173;-1.1102230246251565e-16
4.225;0.00043473174068137506;0.0;-0.07481774232657244;0.30628749035136976;-0.9489943512410463;-0.07177273155408612;0.9475395032161492;0.3114764274389929;-0.04890967657251071;14.598525544365256;0.5262622260005658;0.0
4.25;0.02805435027913969;0.016553185187371925;-0.06237681848552452;0.30875012686595615;-0.9490956177729829;0.9839272174798707;0.17844738124280773;-0.00661534805610741;-0.3149186331327771;45.23844462909372;35.43130998905378;0.0
4.275;0.0012723130039007967;7.209389766527193;-0.049730099975440374;0.31084153909436046;-0.9491598678462349;0.9873311899117583;-0.12807246378889695;-0.09367265047212606;-0.30053449023971446;14.974309343551704;1.675905630881449;8.881784197001252e-16
4.3;0.0012337382390306831;0.0;-0.04860191543211639;0.31069499701782366;-0.9492662812111383;0.9873873683780167;-0.12842755637169018;-0.09258805285743431;-0.3005344902397144;14.97621450471997;1.6587944744950218;0.0
4.325;0.0011967026784099506;0.0;-0.047496475648461385;0.3105510238704533;-0.9493693413914251;0.9874411608886429;-0.1287753081165884;-0.09152526319201011;-0.3005344902397144;14.978062188939493;1.642027120440198;8.881784197001252e-16
4.35;0.0022177837997436247;-0.07723030661693864;-0.047952284050893336;0.3107488202972419;-0.9492817016766809;-0.9572447530934136;0.2571356414873513;0.13252827831077318;0.2851324364392927;18.374338016125368;3.111961193390766;0.0
4.375;0.001603781509967926;0.518438669739508;-0.0481878184787341;0.3110817187409005;-0.9491607337092427;0.9957663332512562;0.08943234115050676;-0.021243020493513728;-0.314074251833614;0.18079213852672849;2.2783577863555435;0.0
4.4;0.00043618051325893534;-0.9938979238546329;-0.047241753386526364;0.3112163707401436;-0.9491641519359548;0.9430940070225555;0.32701611662689656;0.060283939688810156;-0.3089551088674466;-0.9720815275660426;0.6193201948627781;-5.551115123125783e-17
4.425;0.00043702542080594056;0.0;-0.04685398681804889;0.3113508003957308;-0.94913928535921;0.9431133512278084;0.32688812924812716;0.06067419296960095;-0.3089551088674466;-0.9718268056797855;0.6197198235995235;-5.551115123125783e-17
4.45;3.255540161349974e-05;-14.252667389719686;-0.04666588762150356;0.31143136986687925;-0.9491221190106867;-0.3901168927285154;0.8690184531098887;0.3043283394006286;0.08094112083681301;-0.3855809148134113;0.04612329272344777;0.0
4.475;0.003995825183067173;-0.0084914063615935;-0.048253462227561314;0.3104476287885516;-0.949364984167111;-0.8385726748621725;-0.528965157036513;-0.1303523364418074;0.2858572987025919;4.939961160846048;5.678255342033551;0.0
4.5;0.012094327913365925;-0.14091742730358897;-0.04398902702360267;0.3102935823312599;-0.949622481971415;0.9899268850435392;0.1415789454638862;0.00040554818405390465;-0.3133958794641692;50.58560608245866;17.82476247444327;3.552713678800501e-15
4.525;0.012831262232932437;0.16035219648741977;-0.03184470426120591;0.3108550941716582;-0.9499236944292135;0.9982130024596599;-0.038189255247546385;-0.04596066257255908;-0.30908347134365743;60.52783548820514;20.30377381455905;0.0
4.55;0.011469079844730402;0.0;-0.019572445185451724;0.3103621945182119;-0.9504168704328128;0.998529019537477;-0.04200734462772301;-0.03428090049652195;-0.3090834713436573;60.772833083796606;19.55824273724498;-3.552713678800501e-15
4.575;0.010288905743168314;0.0;-0.008168405695918349;0.3098622518101542;-0.9507463710430492;0.998687418874094;-0.04554880560424493;-0.023425321569341028;-0.3090834713436575;60.992216922237404;18.8629683483469;3.552713678800501e-15
4.6;0.009261994856679457;0.0;0.0024523773191555106;0.3093603517501911;-0.9509417219843087;0.9987178126550548;-0.048841391808902256;-0.013313494344912077;-0.3090834713436574;61.189362161149916;18.21329345043432;3.552713678800501e-15
4.625;0.006628667885408182;1.1156550571103963;0.00705466475460448;0.3054533648304386;-0.952180903830235;-0.11326604822752681;-0.945832479660051;-0.30425601512384043;0.027924964494126882;62.543274199048334;13.960245429886099;0.0
4.65;0.02306479688051322;0.045553650010082915;0.005347585582728164;0.31509133336022854;-0.9490462870533284;-0.0923219424929445;0.9451620701577412;0.31328153483641935;0.034144179018225265;62.56781893835374;51.933339323573094;-2.220446049250313e-16
4.675;0.020904361110061765;0.0;0.0029011246518820376;0.34000773029067205;-0.9404181659338253;-0.09243117013751041;0.9364873894325427;0.3383014162264644;0.034144179018225265;63.92101996145805;50.25840135824935;2.4424906541753444e-15
4.7;0.020101355919361397;0.6842989584606153;0.011797809439414953;0.3586740035171581;-0.9333883280250536;0.8057416184343226;0.5493725257508736;0.22129227793337977;-0.282517179714174;-5.296122057719613;49.78330735447109;6.217248937900877e-15
4.725;0.0021484281390780776;-6.5207312285846415;0.02171883308984955;0.3667674300790654;-0.9300591080799183;-0.12345954539417195;0.9241420880312448;0.36155102237487236;0.06535222794420582;15.207247859167921;5.34817843287158;1.1102230246251565e-16
4.75;0.0025455445421647053;-0.4797172917557392;0.020499745504143664;0.36686281219254563;-0.9300491586278881;-0.6500618841148076;-0.701875820705626;-0.2911870174473958;0.22409525520556572;35.32910677547199;6.498208556771571;0.0
4.775;0.0032601913189838935;-0.1766279043148119;0.021228806722145208;0.36676239731687565;-0.9300724066864537;0.8466188351941542;0.4882186424715532;0.21184689055477557;-0.30014365441025215;7.688465302546138;8.500617700587652;1.1102230246251565e-15
4.8;0.0032235673189320115;0.0;0.024738884151689063;0.3687835020471175;-0.9291860503843097;0.8465235389233321;0.4866937718527449;0.2157013455879822;-0.30014365441025215;7.723644566180898;8.468666637393651;-6.661338147750939e-16
4.825;0.003187327294324975;0.0;0.02822219417347726;0.3707831676143703;-0.9282905527742316;0.8464145686933722;0.4851720741718776;0.21952320229846048;-0.3001436544102521;7.758428484731092;8.436811450264443;-2.220446049250313e-16
4.85;0.0006019413649714699;-2.4033484005527455;0.030098052513238757;0.3721074861360738;-0.9277015285081738;0.3718809341408637;0.8573260845366029;0.3559445962444946;-0.11257583403173957;-0.485990780118731;1.5989724705696426;-9.71445146547012e-17
4.875;0.0006410511772408119;-0.02075538714469799;0.03038485789279866;0.3727979003989192;-0.9274149480512981;0.3452991368904082;0.8668047705233515;0.3597471276614997;-0.10238905346915117;-0.25621838571527167;1.7022491412309366;-9.71445146547012e-17
4.9;0.0005260568915972367;-0.10462294944267027;0.030608574111102748;0.3734600234454602;-0.9271411575801181;0.23944892602110995;0.8978262222275739;0.3695568785828512;-0.06194342106388989;-0.1443888948358606;1.3966215833389082;8.326672684688674e-17
4.925;0.0005261671063356328;0.0;0.030770837353274433;0.3740683785226327;-0.9268905025719201;0.2394281281519701;0.8975729288591366;0.37018510076565075;-0.06194342106388989;-0.14344239611800824;1.396719112418787;-8.326672684688674e-17
4.95;0.0005262766266297054;0.0;0.030933109050306752;0.37467664646375887;-0.9266393869025605;0.23940721740636745;0.8973191879292407;0.37081324036197566;-0.06194342106388989;-0.14249569974355253;1.3968160134944743;-2.7755575615628914e-17
4.975;0.0006526068629010337;-0.5433348641952069;0.03071073412024418;0.37525338030402755;-0.9264133803978636;-0.7224443943920362;0.6488545854840837;0.238876168563969;0.2910265017348106;-0.6221763704560106;1.73147236883705;1.6653345369377348e-16
5.0;0.001982424310108395;0.2532973744798318;0.03141195950168566;0.37624190985483674;-0.9259888304234827;0.7877033539730756;0.5609617913786866;0.25464739298249744;-0.2787461052251101;-0.9521255034641767;5.255669036921283;3.3306690738754696e-16
5.025;0.003349986711905962;0.2119169443883016;0.03455174283122347;0.3772886729985434;-0.9254509356493856;0.9834088357629895;0.15216822049648485;0.09875168056400127;-0.36577133743838136;14.179766621642461;8.938362185308579;8.881784197001252e-16
5.05;0.003281860868464687;0.0;0.038776653626077275;0.3779389834730553;-0.9250181057173513;0.9832513067995164;0.1505457899558212;0.10272698186757385;-0.36577133743838147;14.21803953873458;8.877356119643968;8.881784197001252e-16
5.075;0.0032153953308325604;0.0;0.042943507006125835;0.3785736301624515;-0.9245744219648511;0.9830781334133155;0.14894266228214142;0.10664645777942867;-0.36577133743838147;14.255535728256675;8.817017698768531;-8.881784197001252e-16
5.1;0.011408719700812232;-0.08918828278823131;0.051179998736869826;0.3828910290383225;-0.9223746893813101;0.8100911254436957;0.5242259176746882;0.2625634317941047;-0.28334674283152445;35.59320358296024;32.031383964823405;-2.6645352591003757e-15
5.125;0.007638373346235892;-0.6207409597598706;0.05213045207947095;0.38685005458884386;-0.920667937548929;-0.9985399277790917;0.007122424801992961;-0.053547023221334256;0.38665652079531176;10.401749709456443;21.91424429410749;0.0
5.15;0.00018512334629003585;-1.7960265758136058;0.047159601331480366;0.38687395824084114;-0.920925899536613;0.9978857223140769;-0.05952427793263411;0.0260949331923167;-0.38886314048051507;1.633071322066261;0.5341142733954545;-1.1102230246251565e-16
5.175;0.00018470184504235183;0.0;0.04740747818243435;0.38685916026598;-0.9209193890513343;0.9978739769171322;-0.05962037694143169;0.026323693603830904;-0.38886314048051507;1.633203947537361;0.5337085962848837;-1.1102230246251565e-16
5.2;0.00018428158839192167;0.0;0.04765497584432877;0.3868443609375033;-0.9209128317534354;0.9978621879164014;-0.05971632640402678;0.026552105142531975;-0.38886314048051507;1.6333362711401613;0.5333035021242161;-1.1102230246251565e-16
5.225;0.004949652887618514;-0.015249282597644841;0.04506846639885596;0.38884733186336007;-0.9201992098666468;-0.7860034009873519;0.5823312117907445;0.2075789329644008;0.3318800999610547;76.08320245038436;14.845932267588594;3.552713678800501e-15
5.25;0.0015372524147793322;-0.3895967202988207;0.041505023908367536;0.39126096569049756;-0.9193433470240078;-0.8831233929594945;0.44471764601291874;0.14939641271609735;0.36398972808343966;-0.3884795300378029;4.771559876470336;-5.551115123125783e-17
5.275;0.004290661704115035;-0.23976415102648072;0.03855644092481138;0.38961495694499665;-0.9201704114934146;-0.6502746988660769;-0.6894081418671697;-0.31915392828835665;0.22677562450614172;68.67022286118119;13.729089270439854;0.0
5.3;0.003922366290105038;0.0;0.03472639801992207;0.3855483756447276;-0.9220339079005033;-0.6504904767963305;-0.6916905744519778;-0.3137296428640039;0.22677562450614167;68.74988079216924;13.324462130327;3.552713678800501e-15
5.325;0.0035947015640726515;0.0;0.031114663799395342;0.38170251294184765;-0.9237613703281434;-0.6506732365933043;-0.6938202882316672;-0.3086061354207337;0.22677562450614175;68.82279215317699;12.9425917126594;-1.7763568394002505e-15
5.35;0.0010823444262823704;-0.7133122804331654;0.029095294761658924;0.3791413447376012;-0.9248812380696754;-0.34937046009967476;-0.8630582695959179;-0.36478857560488553;0.10734985130340462;17.209797699800855;4.0379033088880725;2.220446049250313e-16
5.375;0.001127336029814761;-0.08199149117917903;0.028615339638275124;0.3776500187145544;-0.9255061456858528;-0.22176065248593757;-0.9004142272751844;-0.3742678617373441;0.05798225563285167;9.182944572278988;4.251309090439306;-1.1102230246251565e-16
5.4;0.0005958790324742905;0.6678879943014829;0.02809416047962366;0.3765803494563074;-0.9259578600294456;-0.7186476375654675;-0.6362607920035455;-0.2805668861084534;0.25275336569291346;2.221051543457211;2.257571713435996;-1.1102230246251565e-16
5.425;0.0005942685537849283;0.0;0.02743578775202723;0.3759973059813041;-0.9262145018543098;-0.7186730733664007;-0.636605514374809;-0.27971848828005114;0.2527533656929134;2.223118797506148;2.255536036549808;-1.1102230246251565e-16
5.45;0.0005926623852167734;0.0;0.026778578864963775;0.37541499881287843;-0.9264699058147001;-0.7186978617927392;-0.6369490825049833;-0.27887138567914244;0.25275336569291346;2.2251804643244726;2.2535021413765564;-2.220446049250313e-16
5.475;0.0018736517253792571;0.11161646233655302;0.025018814406050003;0.37489072956108743;-0.9267313525584808;-0.9827906534273433;-0.16049360582971905;-0.09145673306886833;0.3644237453315831;20.202728673861852;7.189169223931243;-2.6645352591003757e-15
5.5;0.00038629551236553237;-1.7559828944356444;0.023387563173435617;0.3744622120818915;-0.9269471795153945;-0.7029600372412314;-0.6531163890758814;-0.28157799694274493;0.247957169741402;1.3258656699641886;1.495118799698008;0.0
5.525;0.0003612339262435685;0.013374194429577341;0.023369905911863283;0.3744530083449782;-0.9269513428649134;0.6890011033056935;0.6658024043613807;0.28632959677641023;-0.24243879634000823;-1.8444982980032583;1.397829041286195;0.0
5.55;0.0002877117525371272;0.4689507008017198;0.02378376520845923;0.3746771006082073;-0.9268502590992442;0.9819984987052188;0.1650207192554884;0.09190816480105271;-0.3640075362551802;7.3286375199707345;1.1157831782551662;4.440892098500626e-16
5.575;0.0035897888283272436;-0.04812351254800199;0.022578150632518466;0.37695912786311414;-0.9259546657556706;-0.5091205663240211;0.8014321821817287;0.3138514080091726;0.21001250118972484;0.943697962032009;13.967824961548473;6.661338147750939e-16
5.6;0.005547280460717814;0.35859657478852447;0.023375802249882574;0.3826551014545009;-0.9235954986897782;0.5090755231076597;0.7905439662821012;0.34041496610405775;-0.1763207465171164;22.593273754149088;21.788248692129386;-1.7763568394002505e-15
5.625;0.008167716605141833;-0.017052562963771778;0.028631772253445674;0.3912671773641459;-0.9198316245569734;0.47378423647976664;0.8049654032756487;0.3571543038975689;-0.16232863478857387;6.7315499423713305;32.456258801244495;4.773959005888173e-15
5.65;0.008100646625569622;0.0;0.03471113459156763;0.40156786186067667;-0.9151712350462129;0.47337766978856827;0.799876588527179;0.3689322768092637;-0.16232863478857393;7.14761940345422;32.3671752994197;-8.881784197001252e-16
5.675;0.008030371411628384;0.0;0.04075055654946284;0.41174486953398426;-0.9103875847974594;0.4728960491059295;0.7946857661778496;0.380583577909408;-0.1623286347885739;7.560175655366244;32.27330544056508;1.1102230246251565e-15
5.7;0.0010694519361100143;4.485264389390849;0.04436719270052721;0.41623408860734395;-0.9081743971799073;0.7171601561142541;-0.6461462708801529;-0.26110593082090405;-0.32717420007858383;16.634450347160982;4.339304281545131;-8.881784197001252e-16
5.725;0.0025036461609243797;-0.01808218754959529;0.04650439802654009;0.41448034144453005;-0.9088692906684739;0.7629645133535367;-0.6020157389016392;-0.23550414322876476;-0.34423017154495705;4.21184149277904;10.241801171654567;0.0
5.75;0.002569616227607179;0.14612668034170453;0.04923426343949951;0.4117317009861445;-0.9099741719997476;0.5848833268127466;-0.7504102931858019;-0.30788940530205466;-0.27776090508946905;2.93911290393458;10.541068035921468;-1.1102230246251565e-15
5.775;0.0018217776104410318;0.3611147639556798;0.05072649060860839;0.4088719825547622;-0.9111808410147093;0.19772645249343873;-0.8984076210021401;-0.39213262617338396;-0.12641787238397956;10.342909853437256;7.512097960201964;-2.220446049250313e-16
5.8;0.0013348036187083975;0.2080117365142397;0.05095908094821779;0.40657773274182185;-0.9121939044454488;-0.05185023628446058;-0.9110717334616585;-0.40897414280662586;-0.02534622670444203;12.715198274401333;5.553587384984713;-5.551115123125783e-17
5.825;0.0013992825345998403;0.013041554570220536;0.050819201322314815;0.40456724887675405;-0.9130951483351867;-0.07425043920886804;-0.9102156984940267;-0.4074239247912683;-0.016217138909876933;7.391907468843896;5.867316590405688;-2.7755575615628914e-17
5.85;0.0014779860346792412;-0.10081874109167059;0.050856009447928154;0.4024402854103389;-0.9140325393452233;0.10043315033538792;-0.9126381381033348;-0.3962383262545251;-0.08683147945955574;9.898949255881451;6.23876619448782;0.0
5.875;0.001500092471161672;-0.0035212891159943473;0.05110651821885255;0.40022710657623417;-0.9149898288818088;0.10616085681978997;-0.9131732197620791;-0.3935029138248481;-0.08915755634937736;12.171831615608014;6.3859701785465;0.0
5.9;0.0014792850995398092;0.0;0.05136492277031695;0.39800187448336577;-0.915945496531604;0.10603607138122967;-0.914145269657265;-0.3912732773002535;-0.08915755634937736;12.187348627753776;6.356306586815034;0.0
5.925;0.0014588351719731938;0.0;0.05162063581698702;0.39579490446498666;-0.9168869633479375;0.10591182031773345;-0.9151029776634861;-0.3890619829646756;-0.08915755634937736;12.202650767975044;6.326880292437822;-2.220446049250313e-16
5.95;0.000732792749485649;0.3567228783380338;0.051628946230744543;0.3941547422917633;-0.91759276971869;-0.1956589729418114;-0.8970190497730653;-0.39632611653987965;0.030807763768263594;5.734408841208925;3.199758622437782;-8.326672684688674e-17
5.975;0.00045111279489299836;-0.9753996338919848;0.05187894965259361;0.3935487589877349;-0.917838737950277;0.9852805446485848;-0.17007430270933424;-0.017233104622258584;-0.3965792117886676;5.60654968911131;1.9782569558896745;0.0
6.0;0.00025799765006613774;0.9219111484265267;0.052316378306583415;0.39329777398915455;-0.9179214876753121;0.3263236299817741;-0.8754533094315934;-0.3565030035228158;-0.17414290379786598;5.147516421099394;1.1359906225458392;1.1102230246251565e-16
6.025;0.00025650233291108464;0.0;0.052455766963111806;0.3929237767139733;-0.9180736888753208;0.3263012525809718;-0.8756212318761926;-0.35611086876379927;-0.174142903797866;5.14800120480218;1.1337916895776339;-1.1102230246251565e-16
6.05;0.00025501841020018787;0.0;0.052594607492634254;0.3925511533183476;-0.9182251354058715;0.3262789024535529;-0.8757883466043543;-0.3557201846475911;-0.17414290379786596;5.148483181345305;1.131601047809931;-2.220446049250313e-16
6.075;0.0002535457749533457;0.0;0.052732903046014724;0.3921798964672697;-0.9183758325126272;0.3262565797956249;-0.8759546591156846;-0.3553309433663018;-0.17414290379786596;5.148962372100515;1.1294186516491729;-2.220446049250313e-16
6.1;0.0010135023612594606;0.14076721694225489;0.052133666188517135;0.39152852340524286;-0.9186879210100972;-0.7874606153356885;-0.5496382692504533;-0.2789328813003321;0.2796586339086286;6.9283760439910544;4.535086040313994;0.0
6.125;0.0008863398128810061;-0.08793581197886002;0.050945532705144445;0.3905861451734736;-0.9191555993932231;-0.7011883397895199;-0.6413727972291449;-0.3114094525181902;0.241199371861549;6.776428525405385;3.986416491044581;2.220446049250313e-16
6.15;0.0007520318309901039;0.04363708598047444;0.04995405770020211;0.3897308869342829;-0.9195729595245297;-0.7444240872163095;-0.5992871791400611;-0.29442767412475457;0.26018823344030234;7.023926053120548;3.399773933704181;-6.661338147750939e-16
6.175;0.0005911276420607891;0.29293061937334763;0.04901254383199127;0.38921344247909734;-0.9198427402228533;-0.9454376142364392;-0.27891169415995365;-0.16839235269968283;0.35430685685091967;7.346459175083926;2.6866591873226486;-8.881784197001252e-16
6.2;0.0004886291039835898;-0.08674637644336751;0.04817046190084105;0.3889157836989755;-0.9200131084881733;-0.8991175274120304;-0.38429783561074204;-0.2095300585724529;0.331169193562072;7.4261134707361975;2.23298874151895;-4.440892098500626e-16
6.225;0.0005468819691098527;-0.04857525214063173;0.04740291570273552;0.3885435021632042;-0.9202102534256134;-0.8549034488599553;-0.46068568462725085;-0.2385556394363271;0.3103293353576062;8.20502774317324;2.513666591606268;-4.440892098500626e-16
6.25;0.0005419472064870669;0.0;0.04661286195816847;0.38811760733140077;-0.9204303145699936;-0.8549468898065162;-0.46104454879444734;-0.23770515273567178;0.3103293353576062;8.207347169581816;2.5060830868024655;-4.440892098500626e-16
6.275;0.0005370702736033299;0.0;0.04582752213237174;0.38769394643433014;-0.9206482727477316;-0.8549893458429606;-0.4614008636661852;-0.23685958182671152;0.3103293353576062;8.20964569520273;2.4985430873289536;-4.440892098500626e-16
6.3;0.0005322503465581168;0.0;0.04504685613497949;0.38727250338189817;-0.9208641533237528;-0.8550308322172488;-0.4617546547876313;-0.23601888640495333;0.3103293353576062;8.211923564656274;2.491046239683836;0.0
6.325;0.00119772284122366;0.10840074610257415;0.04363786539051561;0.38697684973838437;-0.9210562710663855;-0.9930980758785186;-0.08366133578147023;-0.08220092810695212;0.3806551627754976;4.654488403262503;5.631983460903882;0.0
6.35;0.0011916386731373161;0.0;0.04160212069864287;0.3868045477057015;-0.9212228315817859;-0.9931854384569038;-0.0844543853945531;-0.08031277373367328;0.38065516277549755;4.666023067896381;5.622430855942904;2.220446049250313e-16
